id,label
0,M
1,U
2,G
3,`
4,h
5,i
6,`
7,Q
8,W
9,Y
10,T
11,V
12,L
13,A
14,A
15,U
16,g
17,V
18,S
19,V
20,X
21,Q
22,R
23,j
24,e
25,P
26,q
27,W
28,Y
29,]
30,Y
31,m
32,T
33,F
34,D
35,F
36,S
37,j
38,M
39,V
40,J
41,]
42,[
43,K
44,c
45,c
46,L
47,W
48,G
49,T
50,h
51,g
52,L
53,P
54,X
55,K
56,Q
57,Q
58,H
59,O
60,F
61,_
62,e
63,[
64,H
65,R
66,c
67,\
68,\
69,m
70,^
71,B
72,]
73,R
74,K
75,[
76,f
77,N
78,g
79,^
80,P
81,W
82,b
83,U
84,N
85,W
86,U
87,N
88,]
89,R
90,H
91,H
92,g
93,G
94,S
95,V
96,R
97,M
98,W
99,E
100,M
101,O
102,E
103,m
104,^
105,m
106,n
107,Q
108,^
109,b
110,L
111,M
112,H
113,^
114,G
115,J
116,J
117,]
118,U
119,i
120,a
121,O
122,^
123,j
124,K
125,U
126,V
127,L
128,T
129,]
130,R
131,`
132,U
133,M
134,^
135,\
136,_
137,W
138,U
139,T
140,H
141,g
142,R
143,Q
144,X
145,X
146,m
147,[
148,Q
149,_
150,T
151,W
152,m
153,O
154,U
155,o
156,g
157,S
158,Q
159,[
160,N
161,W
162,L
163,M
164,F
165,W
166,U
167,i
168,j
169,Y
170,[
171,F
172,K
173,Y
174,Y
175,W
176,b
177,g
178,[
179,^
180,W
181,W
182,U
183,Y
184,[
185,O
186,L
187,a
188,]
189,F
190,G
191,H
192,R
193,]
194,I
195,P
196,S
197,Z
198,K
199,Q
200,P
201,_
202,V
203,V
204,K
205,L
206,S
207,^
208,W
209,g
210,W
211,Q
212,X
213,N
214,T
215,P
216,W
217,Y
218,I
219,]
220,\
221,o
222,S
223,h
224,F
225,P
226,d
227,R
228,G
229,k
230,T
231,M
232,Q
233,]
234,U
235,l
236,K
237,M
238,m
239,E
240,Z
241,i
242,Z
243,N
244,]
245,a
246,D
247,F
248,\
249,I
250,H
251,c
252,R
253,b
254,E
255,N
256,L
257,d
258,H
259,d
260,G
261,O
262,]
263,X
264,c
265,Y
266,I
267,b
268,J
269,N
270,N
271,G
272,n
273,P
274,W
275,\
276,Y
277,\
278,G
279,n
280,b
281,^
282,[
283,d
284,J
285,X
286,T
287,_
288,O
289,V
290,^
291,[
292,U
293,_
294,W
295,g
296,h
297,T
298,U
299,C
300,^
301,V
302,X
303,e
304,Q
305,W
306,U
307,_
308,p
309,J
310,K
311,d
312,^
313,D
314,Z
315,T
316,]
317,P
318,^
319,]
320,S
321,Z
322,O
323,f
324,P
325,f
326,R
327,N
328,]
329,M
330,J
331,X
332,N
333,d
334,N
335,T
336,U
337,[
338,e
339,n
340,I
341,W
342,c
343,V
344,d
345,k
346,C
347,X
348,e
349,W
350,a
351,l
352,F
353,U
354,b
355,Y
356,X
357,j
358,Q
359,V
360,M
361,Z
362,V
363,U
364,\
365,M
366,b
367,Z
368,R
369,c
370,V
371,E
372,\
373,S
374,f
375,i
376,E
377,N
378,h
379,D
380,^
381,T
382,[
383,P
384,T
385,K
386,f
387,L
388,]
389,I
390,]
391,N
392,K
393,a
394,\
395,X
396,\
397,`
398,Y
399,e
400,J
401,V
402,c
403,j
404,^
405,S
406,Y
407,M
408,G
409,S
410,_
411,C
412,X
413,H
414,h
415,]
416,f
417,S
418,d
419,I
420,Z
421,S
422,T
423,M
424,p
425,^
426,H
427,O
428,]
429,d
430,U
431,d
432,T
433,g
434,I
435,M
436,W
437,U
438,g
439,R
440,R
441,T
442,V
443,H
444,[
445,L
446,V
447,V
448,H
449,d
450,f
451,X
452,M
453,b
454,Q
455,f
456,J
457,C
458,K
459,S
460,E
461,H
462,L
463,`
464,V
465,\
466,L
467,M
468,X
469,J
470,U
471,Q
472,I
473,p
474,]
475,S
476,`
477,Y
478,T
479,h
480,Q
481,S
482,X
483,G
484,J
485,]
486,`
487,J
488,b
489,T
490,V
491,R
492,^
493,L
494,G
495,R
496,T
497,J
498,I
499,V
500,Y
501,A
502,m
503,]
504,P
505,S
506,g
507,d
508,S
509,\
510,P
511,X
512,U
513,[
514,`
515,Z
516,N
517,W
518,K
519,_
520,K
521,Y
522,X
523,_
524,Q
525,P
526,f
527,Z
528,c
529,W
530,i
531,J
532,B
533,Y
534,W
535,[
536,O
537,X
538,c
539,S
540,h
541,R
542,[
543,Z
544,U
545,K
546,X
547,]
548,a
549,P
550,A
551,P
552,M
553,T
554,P
555,h
556,T
557,i
558,c
559,P
560,P
561,\
562,Y
563,M
564,M
565,N
566,W
567,H
568,H
569,W
570,V
571,M
572,Y
573,V
574,G
575,Z
576,L
577,L
578,V
579,Z
580,]
581,h
582,D
583,Y
584,R
585,X
586,C
587,\
588,]
589,S
590,Y
591,M
592,[
593,]
594,Y
595,_
596,j
597,E
598,Q
599,c
600,T
601,B
602,H
603,R
604,Z
605,T
606,]
607,g
608,Y
609,R
610,a
611,W
612,N
613,Z
614,c
615,b
616,O
617,g
618,_
619,B
620,Z
621,g
622,E
623,Q
624,U
625,Y
626,M
627,\
628,O
629,X
630,l
631,e
632,n
633,T
634,Z
635,i
636,a
637,_
638,S
639,O
640,i
641,[
642,d
643,Z
644,\
645,d
646,K
647,F
648,V
649,[
650,^
651,b
652,b
653,P
654,i
655,k
656,H
657,`
658,I
659,R
660,B
661,g
662,b
663,P
664,]
665,O
666,W
667,M
668,R
669,X
670,P
671,j
672,c
673,_
674,^
675,N
676,U
677,V
678,L
679,Y
680,I
681,E
682,U
683,E
684,M
685,T
686,\
687,[
688,\
689,f
690,a
691,O
692,X
693,^
694,a
695,d
696,\
697,M
698,X
699,O
700,O
701,Y
702,N
703,P
704,b
705,F
706,R
707,[
708,W
709,S
710,I
711,C
712,V
713,D
714,X
715,O
716,T
717,V
718,^
719,Y
720,V
721,L
722,_
723,[
724,H
725,i
726,N
727,g
728,U
729,[
730,V
731,H
732,X
733,[
734,a
735,H
736,Y
737,g
738,J
739,^
740,Z
741,\
742,\
743,[
744,B
745,m
746,S
747,g
748,p
749,j
750,O
751,\
752,a
753,L
754,R
755,U
756,C
757,P
758,T
759,X
760,N
761,N
762,Z
763,X
764,F
765,Q
766,V
767,_
768,W
769,P
770,i
771,[
772,e
773,W
774,R
775,n
776,b
777,G
778,\
779,Q
780,V
781,T
782,R
783,D
784,_
785,Y
786,N
787,W
788,F
789,c
790,]
791,X
792,^
793,Y
794,L
795,Y
796,Y
797,e
798,b
799,E
800,P
801,O
802,O
803,T
804,W
805,O
806,G
807,`
808,Q
809,F
810,n
811,F
812,O
813,S
814,Y
815,i
816,G
817,c
818,R
819,Z
820,V
821,^
822,Z
823,Y
824,R
825,A
826,E
827,V
828,_
829,`
830,X
831,K
832,Y
833,P
834,O
835,Q
836,[
837,N
838,G
839,Y
840,J
841,b
842,\
843,V
844,N
845,H
846,l
847,U
848,C
849,h
850,A
851,S
852,B
853,^
854,T
855,j
856,j
857,N
858,\
859,Z
860,O
861,b
862,G
863,^
864,h
865,_
866,T
867,I
868,V
869,M
870,N
871,S
872,K
873,_
874,j
875,P
876,S
877,Z
878,\
879,G
880,Q
881,W
882,\
883,b
884,J
885,W
886,S
887,R
888,I
889,j
890,U
891,R
892,T
893,I
894,R
895,V
896,e
897,I
898,Z
899,T
900,S
901,q
902,b
903,Q
904,m
905,V
906,h
907,H
908,U
909,e
910,e
911,c
912,R
913,j
914,W
915,g
916,K
917,M
918,e
919,L
920,P
921,I
922,j
923,U
924,V
925,H
926,[
927,I
928,T
929,P
930,m
931,T
932,[
933,K
934,l
935,N
936,M
937,K
938,R
939,S
940,N
941,I
942,i
943,a
944,S
945,h
946,R
947,U
948,W
949,U
950,`
951,]
952,N
953,\
954,W
955,E
956,S
957,[
958,R
959,Q
960,h
961,E
962,I
963,V
964,X
965,Z
966,\
967,Q
968,Z
969,G
970,Z
971,I
972,K
973,T
974,R
975,g
976,d
977,[
978,Z
979,G
980,b
981,L
982,X
983,A
984,Z
985,M
986,F
987,C
988,S
989,[
990,X
991,M
992,R
993,j
994,D
995,M
996,a
997,c
998,M
999,O
1000,I
1001,M
1002,E
1003,S
1004,[
1005,_
1006,e
1007,T
1008,W
1009,Y
1010,Y
1011,I
1012,U
1013,P
1014,D
1015,n
1016,[
1017,^
1018,Z
1019,a
1020,e
1021,a
1022,k
1023,K
1024,I
1025,^
1026,b
1027,F
1028,U
1029,T
1030,c
1031,Z
1032,\
1033,Z
1034,j
1035,m
1036,^
1037,e
1038,^
1039,g
1040,R
1041,l
1042,Y
1043,M
1044,N
1045,R
1046,X
1047,W
1048,O
1049,R
1050,Q
1051,N
1052,U
1053,X
1054,T
1055,]
1056,V
1057,X
1058,G
1059,N
1060,U
1061,Y
1062,U
1063,T
1064,b
1065,J
1066,U
1067,B
1068,F
1069,E
1070,b
1071,[
1072,G
1073,M
1074,W
1075,J
1076,^
1077,d
1078,M
1079,Y
1080,\
1081,Z
1082,g
1083,^
1084,f
1085,U
1086,\
1087,`
1088,R
1089,N
1090,V
1091,[
1092,b
1093,W
1094,_
1095,\
1096,E
1097,c
1098,^
1099,n
1100,P
1101,G
1102,S
1103,Y
1104,L
1105,f
1106,N
1107,b
1108,G
1109,N
1110,W
1111,R
1112,J
1113,Y
1114,B
1115,K
1116,O
1117,\
1118,Z
1119,^
1120,c
1121,S
1122,m
1123,G
1124,D
1125,b
1126,h
1127,H
1128,c
1129,C
1130,U
1131,F
1132,]
1133,M
1134,`
1135,V
1136,O
1137,_
1138,R
1139,M
1140,p
1141,\
1142,P
1143,R
1144,_
1145,C
1146,N
1147,b
1148,Z
1149,^
1150,G
1151,Y
1152,]
1153,V
1154,Z
1155,V
1156,h
1157,_
1158,k
1159,T
1160,R
1161,V
1162,]
1163,_
1164,W
1165,X
1166,\
1167,h
1168,M
1169,U
1170,X
1171,T
1172,Y
1173,Q
1174,W
1175,M
1176,[
1177,S
1178,Y
1179,J
1180,W
1181,Z
1182,I
1183,Y
1184,G
1185,K
1186,^
1187,[
1188,a
1189,\
1190,M
1191,Q
1192,]
1193,E
1194,[
1195,l
1196,[
1197,R
1198,J
1199,F
1200,T
1201,W
1202,f
1203,V
1204,H
1205,Z
1206,S
1207,a
1208,S
1209,L
1210,U
1211,S
1212,W
1213,T
1214,Y
1215,S
1216,D
1217,H
1218,F
1219,K
1220,]
1221,E
1222,L
1223,i
1224,_
1225,g
1226,K
1227,^
1228,L
1229,S
1230,\
1231,L
1232,P
1233,U
1234,R
1235,I
1236,S
1237,Z
1238,m
1239,m
1240,X
1241,\
1242,Y
1243,L
1244,L
1245,H
1246,U
1247,Q
1248,k
1249,n
1250,_
1251,L
1252,Y
1253,[
1254,d
1255,X
1256,a
1257,i
1258,Y
1259,Q
1260,V
1261,M
1262,f
1263,S
1264,L
1265,Q
1266,i
1267,H
1268,]
1269,[
1270,O
1271,d
1272,D
1273,H
1274,k
1275,K
1276,V
1277,V
1278,S
1279,Q
1280,L
1281,`
1282,I
1283,\
1284,G
1285,k
1286,D
1287,`
1288,l
1289,b
1290,e
1291,K
1292,V
1293,X
1294,G
1295,Q
1296,T
1297,F
1298,M
1299,`
1300,O
1301,m
1302,P
1303,T
1304,d
1305,^
1306,\
1307,K
1308,W
1309,Z
1310,O
1311,`
1312,e
1313,^
1314,Z
1315,]
1316,R
1317,J
1318,R
1319,U
1320,N
1321,c
1322,P
1323,W
1324,_
1325,R
1326,^
1327,e
1328,R
1329,N
1330,Y
1331,T
1332,L
1333,R
1334,K
1335,Q
1336,R
1337,K
1338,[
1339,_
1340,[
1341,\
1342,S
1343,T
1344,G
1345,Z
1346,Q
1347,X
1348,o
1349,R
1350,Y
1351,I
1352,W
1353,\
1354,N
1355,[
1356,V
1357,a
1358,[
1359,^
1360,V
1361,g
1362,j
1363,f
1364,E
1365,U
1366,X
1367,h
1368,U
1369,K
1370,\
1371,e
1372,e
1373,R
1374,Q
1375,[
1376,[
1377,_
1378,V
1379,b
1380,Q
1381,K
1382,J
1383,V
1384,V
1385,E
1386,T
1387,Y
1388,c
1389,Y
1390,X
1391,P
1392,f
1393,e
1394,V
1395,Q
1396,^
1397,Y
1398,e
1399,b
1400,T
1401,B
1402,V
1403,I
1404,c
1405,F
1406,V
1407,P
1408,c
1409,W
1410,f
1411,e
1412,R
1413,[
1414,E
1415,S
1416,B
1417,\
1418,k
1419,`
1420,Y
1421,N
1422,`
1423,l
1424,Y
1425,]
1426,[
1427,U
1428,L
1429,W
1430,b
1431,P
1432,T
1433,Q
1434,I
1435,J
1436,c
1437,X
1438,]
1439,W
1440,E
1441,]
1442,E
1443,M
1444,I
1445,P
1446,j
1447,_
1448,X
1449,\
1450,V
1451,A
1452,T
1453,Z
1454,F
1455,j
1456,d
1457,X
1458,P
1459,O
1460,L
1461,O
1462,i
1463,b
1464,E
1465,b
1466,D
1467,S
1468,`
1469,L
1470,Z
1471,N
1472,R
1473,J
1474,U
1475,M
1476,H
1477,H
1478,Y
1479,W
1480,h
1481,Z
1482,J
1483,M
1484,M
1485,I
1486,B
1487,[
1488,P
1489,V
1490,C
1491,[
1492,L
1493,F
1494,k
1495,Y
1496,[
1497,H
1498,E
1499,O
1500,G
1501,I
1502,H
1503,b
1504,H
1505,H
1506,Y
1507,_
1508,N
1509,Z
1510,D
1511,N
1512,E
1513,K
1514,R
1515,R
1516,I
1517,P
1518,T
1519,Y
1520,R
1521,^
1522,F
1523,`
1524,h
1525,d
1526,R
1527,d
1528,R
1529,j
1530,O
1531,Q
1532,R
1533,Z
1534,^
1535,g
1536,q
1537,L
1538,]
1539,D
1540,N
1541,g
1542,[
1543,f
1544,T
1545,i
1546,X
1547,U
1548,Y
1549,W
1550,O
1551,K
1552,U
1553,a
1554,J
1555,Z
1556,B
1557,M
1558,T
1559,N
1560,Z
1561,P
1562,T
1563,N
1564,]
1565,G
1566,J
1567,S
1568,D
1569,H
1570,c
1571,Z
1572,J
1573,D
1574,V
1575,^
1576,m
1577,D
1578,W
1579,]
1580,Z
1581,G
1582,R
1583,a
1584,C
1585,`
1586,Y
1587,k
1588,X
1589,U
1590,M
1591,n
1592,W
1593,I
1594,f
1595,a
1596,`
1597,b
1598,m
1599,X
1600,U
1601,Q
1602,a
1603,S
1604,a
1605,L
1606,U
1607,Q
1608,V
1609,R
1610,L
1611,X
1612,_
1613,V
1614,H
1615,\
1616,R
1617,e
1618,D
1619,I
1620,V
1621,W
1622,P
1623,T
1624,]
1625,b
1626,Y
1627,d
1628,d
1629,`
1630,J
1631,h
1632,S
1633,J
1634,]
1635,Z
1636,]
1637,`
1638,W
1639,f
1640,V
1641,]
1642,L
1643,Z
1644,W
1645,E
1646,_
1647,I
1648,O
1649,[
1650,Y
1651,\
1652,N
1653,W
1654,S
1655,p
1656,F
1657,b
1658,h
1659,Q
1660,Y
1661,K
1662,N
1663,Y
1664,U
1665,Y
1666,Q
1667,G
1668,S
1669,T
1670,P
1671,J
1672,]
1673,S
1674,L
1675,R
1676,i
1677,X
1678,F
1679,G
1680,T
1681,e
1682,B
1683,a
1684,X
1685,^
1686,H
1687,\
1688,V
1689,R
1690,W
1691,^
1692,G
1693,T
1694,R
1695,d
1696,X
1697,H
1698,W
1699,K
1700,F
1701,U
1702,]
1703,O
1704,H
1705,Q
1706,Q
1707,N
1708,M
1709,i
1710,V
1711,a
1712,U
1713,Z
1714,k
1715,Z
1716,\
1717,W
1718,N
1719,_
1720,M
1721,c
1722,P
1723,b
1724,[
1725,\
1726,S
1727,\
1728,S
1729,I
1730,l
1731,R
1732,G
1733,V
1734,H
1735,V
1736,`
1737,V
1738,b
1739,H
1740,c
1741,M
1742,Y
1743,T
1744,L
1745,S
1746,R
1747,_
1748,V
1749,G
1750,c
1751,^
1752,]
1753,M
1754,N
1755,O
1756,m
1757,M
1758,]
1759,f
1760,^
1761,Y
1762,Y
1763,i
1764,[
1765,M
1766,T
1767,Q
1768,g
1769,N
1770,a
1771,_
1772,f
1773,R
1774,K
1775,U
1776,X
1777,Y
1778,T
1779,g
1780,V
1781,b
1782,`
1783,S
1784,E
1785,a
1786,C
1787,S
1788,`
1789,f
1790,I
1791,G
1792,H
1793,i
1794,`
1795,Z
1796,O
1797,n
1798,`
1799,^
1800,f
1801,W
1802,Z
1803,R
1804,J
1805,_
1806,G
1807,c
1808,Y
1809,U
1810,[
1811,\
1812,T
1813,Y
1814,c
1815,c
1816,`
1817,^
1818,Y
1819,G
1820,M
1821,R
1822,a
1823,[
1824,X
1825,^
1826,N
1827,`
1828,R
1829,O
1830,g
1831,C
1832,S
1833,K
1834,R
1835,^
1836,J
1837,H
1838,\
1839,N
1840,j
1841,N
1842,H
1843,\
1844,N
1845,S
1846,Q
1847,K
1848,R
1849,b
1850,L
1851,S
1852,W
1853,L
1854,H
1855,V
1856,K
1857,Q
1858,R
1859,\
1860,S
1861,Q
1862,H
1863,I
1864,g
1865,O
1866,S
1867,J
1868,]
1869,\
1870,M
1871,J
1872,Z
1873,N
1874,U
1875,H
1876,m
1877,Q
1878,c
1879,I
1880,_
1881,M
1882,l
1883,Y
1884,F
1885,V
1886,e
1887,I
1888,X
1889,P
1890,U
1891,E
1892,S
1893,R
1894,f
1895,M
1896,Z
1897,O
1898,X
1899,X
1900,H
1901,Q
1902,a
1903,`
1904,J
1905,k
1906,F
1907,g
1908,`
1909,S
1910,P
1911,P
1912,e
1913,H
1914,b
1915,h
1916,j
1917,K
1918,]
1919,V
1920,F
1921,U
1922,K
1923,V
1924,S
1925,Q
1926,S
1927,^
1928,Q
1929,q
1930,V
1931,Q
1932,c
1933,f
1934,X
1935,K
1936,O
1937,O
1938,G
1939,O
1940,c
1941,T
1942,A
1943,f
1944,K
1945,Y
1946,S
1947,_
1948,R
1949,W
1950,Y
1951,\
1952,S
1953,`
1954,^
1955,M
1956,E
1957,a
1958,[
1959,Z
1960,E
1961,F
1962,R
1963,H
1964,O
1965,f
1966,a
1967,N
1968,M
1969,j
1970,f
1971,W
1972,_
1973,K
1974,g
1975,d
1976,c
1977,b
1978,R
1979,`
1980,P
1981,h
1982,W
1983,l
1984,a
1985,S
1986,J
1987,V
1988,[
1989,K
1990,V
1991,U
1992,]
1993,^
1994,k
1995,b
1996,^
1997,N
1998,J
1999,X
2000,D
2001,K
2002,Z
2003,O
2004,k
2005,X
2006,N
2007,L
2008,V
2009,d
2010,A
2011,X
2012,J
2013,Q
2014,a
2015,M
2016,O
2017,b
2018,M
2019,f
2020,W
2021,Q
2022,B
2023,M
2024,T
2025,I
2026,S
2027,K
2028,A
2029,X
2030,X
2031,W
2032,Z
2033,G
2034,^
2035,I
2036,e
2037,O
2038,j
2039,Q
2040,S
2041,g
2042,_
2043,`
2044,W
2045,_
2046,d
2047,T
2048,Z
2049,C
2050,V
2051,X
2052,X
2053,b
2054,J
2055,Z
2056,W
2057,X
2058,M
2059,h
2060,P
2061,P
2062,[
2063,[
2064,W
2065,`
2066,[
2067,W
2068,F
2069,K
2070,\
2071,]
2072,P
2073,X
2074,N
2075,a
2076,P
2077,P
2078,R
2079,h
2080,V
2081,W
2082,U
2083,I
2084,`
2085,K
2086,j
2087,M
2088,m
2089,P
2090,^
2091,U
2092,N
2093,L
2094,f
2095,]
2096,B
2097,R
2098,N
2099,D
2100,C
2101,P
2102,W
2103,X
2104,X
2105,Q
2106,^
2107,M
2108,R
2109,b
2110,[
2111,I
2112,S
2113,]
2114,b
2115,R
2116,V
2117,G
2118,X
2119,q
2120,^
2121,B
2122,V
2123,\
2124,f
2125,Q
2126,W
2127,l
2128,c
2129,c
2130,_
2131,]
2132,o
2133,]
2134,D
2135,F
2136,f
2137,]
2138,N
2139,g
2140,Y
2141,K
2142,]
2143,]
2144,N
2145,V
2146,W
2147,_
2148,K
2149,V
2150,D
2151,J
2152,Y
2153,\
2154,b
2155,W
2156,P
2157,\
2158,X
2159,W
2160,K
2161,P
2162,T
2163,[
2164,W
2165,e
2166,R
2167,c
2168,\
2169,f
2170,W
2171,H
2172,k
2173,^
2174,]
2175,m
2176,T
2177,S
2178,N
2179,f
2180,f
2181,R
2182,O
2183,a
2184,i
2185,R
2186,i
2187,p
2188,N
2189,S
2190,Z
2191,\
2192,g
2193,c
2194,H
2195,]
2196,U
2197,^
2198,T
2199,H
2200,M
2201,L
2202,N
2203,G
2204,R
2205,H
2206,H
2207,V
2208,\
2209,d
2210,b
2211,P
2212,N
2213,M
2214,G
2215,X
2216,h
2217,P
2218,W
2219,T
2220,T
2221,a
2222,\
2223,R
2224,N
2225,o
2226,G
2227,S
2228,W
2229,O
2230,^
2231,X
2232,^
2233,[
2234,S
2235,]
2236,J
2237,d
2238,Y
2239,V
2240,Q
2241,R
2242,O
2243,V
2244,W
2245,I
2246,]
2247,^
2248,V
2249,b
2250,L
2251,D
2252,i
2253,a
2254,n
2255,V
2256,G
2257,P
2258,[
2259,Z
2260,U
2261,V
2262,T
2263,O
2264,S
2265,Z
2266,Q
2267,C
2268,Q
2269,Y
2270,\
2271,d
2272,I
2273,_
2274,R
2275,M
2276,X
2277,T
2278,K
2279,X
2280,Q
2281,V
2282,P
2283,R
2284,X
2285,h
2286,[
2287,X
2288,]
2289,N
2290,F
2291,H
2292,Y
2293,N
2294,h
2295,K
2296,b
2297,]
2298,b
2299,G
2300,W
2301,c
2302,`
2303,\
2304,K
2305,W
2306,[
2307,[
2308,D
2309,h
2310,]
2311,d
2312,]
2313,Z
2314,R
2315,L
2316,M
2317,[
2318,Z
2319,c
2320,R
2321,X
2322,^
2323,`
2324,Q
2325,b
2326,Y
2327,I
2328,b
2329,p
2330,W
2331,]
2332,P
2333,G
2334,]
2335,c
2336,W
2337,k
2338,B
2339,V
2340,V
2341,b
2342,P
2343,`
2344,i
2345,[
2346,F
2347,R
2348,J
2349,Z
2350,d
2351,W
2352,Y
2353,D
2354,_
2355,W
2356,X
2357,V
2358,k
2359,b
2360,a
2361,K
2362,T
2363,\
2364,Q
2365,Z
2366,W
2367,M
2368,e
2369,Q
2370,J
2371,X
2372,^
2373,S
2374,i
2375,d
2376,Y
2377,a
2378,e
2379,X
2380,Q
2381,a
2382,Y
2383,T
2384,F
2385,Y
2386,E
2387,V
2388,G
2389,f
2390,T
2391,f
2392,P
2393,E
2394,U
2395,J
2396,N
2397,X
2398,e
2399,Q
2400,L
2401,L
2402,X
2403,k
2404,]
2405,i
2406,X
2407,g
2408,[
2409,O
2410,S
2411,j
2412,P
2413,g
2414,P
2415,G
2416,S
2417,e
2418,]
2419,g
2420,i
2421,O
2422,V
2423,X
2424,j
2425,\
2426,e
2427,[
2428,n
2429,]
2430,I
2431,F
2432,K
2433,^
2434,I
2435,W
2436,Z
2437,D
2438,d
2439,G
2440,m
2441,Q
2442,N
2443,H
2444,c
2445,U
2446,G
2447,h
2448,_
2449,^
2450,U
2451,F
2452,W
2453,J
2454,N
2455,M
2456,U
2457,_
2458,a
2459,Z
2460,T
2461,f
2462,]
2463,Y
2464,c
2465,Z
2466,Y
2467,S
2468,K
2469,G
2470,J
2471,b
2472,U
2473,L
2474,h
2475,X
2476,T
2477,R
2478,X
2479,d
2480,Z
2481,Y
2482,o
2483,T
2484,T
2485,g
2486,Z
2487,h
2488,K
2489,Q
2490,L
2491,M
2492,e
2493,E
2494,c
2495,X
2496,M
2497,_
2498,F
2499,`
2500,P
2501,a
2502,E
2503,E
2504,\
2505,L
2506,H
2507,X
2508,K
2509,l
2510,f
2511,O
2512,]
2513,G
2514,e
2515,a
2516,F
2517,]
2518,N
2519,I
2520,T
2521,F
2522,X
2523,p
2524,L
2525,M
2526,K
2527,[
2528,W
2529,b
2530,`
2531,O
2532,E
2533,j
2534,M
2535,X
2536,U
2537,T
2538,S
2539,^
2540,]
2541,Z
2542,V
2543,k
2544,Z
2545,W
2546,[
2547,`
2548,_
2549,k
2550,_
2551,K
2552,E
2553,[
2554,Z
2555,e
2556,L
2557,Z
2558,[
2559,[
2560,]
2561,m
2562,m
2563,U
2564,Z
2565,X
2566,]
2567,i
2568,W
2569,n
2570,X
2571,S
2572,\
2573,Z
2574,X
2575,A
2576,T
2577,^
2578,[
2579,Y
2580,S
2581,Z
2582,f
2583,c
2584,a
2585,P
2586,B
2587,Y
2588,K
2589,B
2590,V
2591,e
2592,S
2593,G
2594,W
2595,H
2596,Z
2597,`
2598,a
2599,j
2600,X
2601,V
2602,\
2603,E
2604,K
2605,\
2606,d
2607,_
2608,h
2609,W
2610,R
2611,J
2612,Z
2613,]
2614,]
2615,Y
2616,L
2617,T
2618,I
2619,W
2620,D
2621,O
2622,R
2623,Z
2624,k
2625,a
2626,Y
2627,b
2628,I
2629,W
2630,I
2631,V
2632,I
2633,J
2634,Z
2635,W
2636,L
2637,Y
2638,P
2639,\
2640,d
2641,P
2642,W
2643,c
2644,H
2645,l
2646,W
2647,Z
2648,Q
2649,W
2650,_
2651,H
2652,T
2653,O
2654,Z
2655,d
2656,M
2657,H
2658,F
2659,X
2660,Y
2661,`
2662,_
2663,Z
2664,P
2665,`
2666,Z
2667,K
2668,e
2669,W
2670,V
2671,j
2672,L
2673,_
2674,]
2675,a
2676,O
2677,b
2678,P
2679,c
2680,U
2681,g
2682,Z
2683,R
2684,S
2685,^
2686,f
2687,W
2688,M
2689,U
2690,g
2691,d
2692,V
2693,S
2694,g
2695,N
2696,[
2697,Y
2698,g
2699,F
2700,f
2701,X
2702,c
2703,X
2704,M
2705,Y
2706,W
2707,Y
2708,M
2709,]
2710,X
2711,B
2712,\
2713,a
2714,A
2715,\
2716,\
2717,F
2718,_
2719,T
2720,i
2721,W
2722,g
2723,]
2724,L
2725,[
2726,V
2727,\
2728,f
2729,l
2730,S
2731,`
2732,E
2733,\
2734,Q
2735,F
2736,^
2737,L
2738,`
2739,W
2740,L
2741,a
2742,d
2743,P
2744,K
2745,Q
2746,c
2747,`
2748,K
2749,`
2750,O
2751,T
2752,L
2753,O
2754,W
2755,T
2756,`
2757,W
2758,U
2759,Q
2760,^
2761,c
2762,T
2763,[
2764,Y
2765,[
2766,g
2767,c
2768,P
2769,P
2770,K
2771,Z
2772,q
2773,Q
2774,I
2775,c
2776,c
2777,V
2778,`
2779,d
2780,W
2781,j
2782,H
2783,F
2784,O
2785,Z
2786,R
2787,[
2788,a
2789,G
2790,H
2791,Q
2792,`
2793,T
2794,Z
2795,S
2796,f
2797,P
2798,a
2799,N
2800,[
2801,K
2802,U
2803,g
2804,N
2805,H
2806,g
2807,^
2808,U
2809,e
2810,d
2811,m
2812,i
2813,[
2814,P
2815,P
2816,[
2817,\
2818,N
2819,X
2820,W
2821,^
2822,I
2823,Q
2824,Y
2825,]
2826,b
2827,R
2828,U
2829,D
2830,Q
2831,j
2832,_
2833,S
2834,X
2835,P
2836,_
2837,J
2838,`
2839,[
2840,T
2841,Z
2842,L
2843,U
2844,\
2845,P
2846,Z
2847,]
2848,U
2849,Y
2850,[
2851,E
2852,n
2853,S
2854,_
2855,G
2856,I
2857,M
2858,J
2859,b
2860,O
2861,\
2862,e
2863,Y
2864,^
2865,X
2866,N
2867,G
2868,]
2869,J
2870,j
2871,I
2872,]
2873,`
2874,L
2875,O
2876,D
2877,e
2878,T
2879,a
2880,N
2881,c
2882,a
2883,c
2884,S
2885,M
2886,P
2887,S
2888,[
2889,e
2890,F
2891,^
2892,S
2893,V
2894,G
2895,T
2896,N
2897,V
2898,W
2899,Q
2900,J
2901,T
2902,^
2903,T
2904,L
2905,]
2906,K
2907,T
2908,C
2909,^
2910,X
2911,U
2912,O
2913,H
2914,X
2915,^
2916,U
2917,`
2918,a
2919,O
2920,W
2921,U
2922,X
2923,b
2924,Z
2925,a
2926,W
2927,P
2928,W
2929,Z
2930,Y
2931,I
2932,T
2933,W
2934,i
2935,\
2936,I
2937,\
2938,e
2939,]
2940,W
2941,T
2942,[
2943,I
2944,P
2945,U
2946,V
2947,c
2948,V
2949,b
2950,b
2951,`
2952,`
2953,c
2954,_
2955,b
2956,O
2957,U
2958,F
2959,Y
2960,]
2961,J
2962,I
2963,S
2964,M
2965,X
2966,W
2967,c
2968,O
2969,T
2970,S
2971,k
2972,L
2973,M
2974,A
2975,R
2976,^
2977,[
2978,X
2979,`
2980,f
2981,n
2982,[
2983,\
2984,V
2985,Z
2986,Y
2987,^
2988,b
2989,M
2990,S
2991,g
2992,R
2993,Q
2994,O
2995,l
2996,]
2997,]
2998,I
2999,b
