id,label
0,M
1,Y
2,G
3,S
4,\
5,g
6,`
7,O
8,T
9,Y
10,T
11,V
12,L
13,A
14,A
15,K
16,g
17,Y
18,S
19,_
20,U
21,Q
22,R
23,j
24,Q
25,W
26,q
27,W
28,Y
29,]
30,O
31,a
32,T
33,W
34,D
35,F
36,I
37,`
38,M
39,V
40,Z
41,b
42,[
43,\
44,c
45,c
46,L
47,S
48,G
49,O
50,^
51,a
52,\
53,P
54,N
55,L
56,Q
57,R
58,H
59,O
60,F
61,_
62,\
63,b
64,H
65,R
66,c
67,b
68,]
69,i
70,^
71,B
72,]
73,]
74,H
75,[
76,X
77,N
78,_
79,_
80,X
81,W
82,b
83,U
84,N
85,X
86,U
87,O
88,]
89,R
90,H
91,Y
92,S
93,G
94,S
95,R
96,e
97,Y
98,W
99,E
100,]
101,O
102,E
103,Y
104,^
105,m
106,j
107,R
108,N
109,b
110,Z
111,M
112,H
113,^
114,G
115,J
116,J
117,]
118,U
119,g
120,]
121,O
122,T
123,_
124,K
125,U
126,V
127,L
128,U
129,]
130,R
131,M
132,\
133,M
134,f
135,T
136,_
137,W
138,K
139,T
140,Y
141,f
142,R
143,Q
144,P
145,D
146,j
147,k
148,Q
149,U
150,T
151,W
152,m
153,O
154,Z
155,o
156,g
157,\
158,Q
159,[
160,N
161,W
162,Z
163,M
164,F
165,W
166,e
167,]
168,e
169,Y
170,[
171,F
172,K
173,Y
174,X
175,R
176,b
177,d
178,Q
179,^
180,W
181,[
182,T
183,Z
184,\
185,O
186,b
187,`
188,X
189,F
190,G
191,H
192,R
193,]
194,V
195,P
196,S
197,Z
198,K
199,]
200,P
201,_
202,V
203,V
204,L
205,K
206,R
207,^
208,W
209,g
210,W
211,^
212,X
213,N
214,T
215,P
216,K
217,Y
218,I
219,]
220,T
221,n
222,S
223,^
224,F
225,P
226,Z
227,R
228,G
229,k
230,T
231,Y
232,Q
233,^
234,U
235,l
236,K
237,V
238,i
239,E
240,f
241,i
242,Z
243,T
244,Z
245,S
246,D
247,F
248,e
249,U
250,H
251,c
252,^
253,N
254,V
255,N
256,\
257,f
258,H
259,d
260,F
261,O
262,]
263,L
264,c
265,Y
266,I
267,b
268,J
269,N
270,N
271,G
272,m
273,W
274,W
275,\
276,Y
277,\
278,G
279,n
280,J
281,^
282,X
283,O
284,J
285,X
286,T
287,_
288,O
289,V
290,P
291,\
292,U
293,l
294,X
295,g
296,S
297,T
298,U
299,C
300,^
301,V
302,X
303,e
304,W
305,W
306,U
307,_
308,p
309,J
310,K
311,d
312,j
313,D
314,Z
315,T
316,Q
317,k
318,^
319,c
320,g
321,U
322,O
323,h
324,W
325,f
326,^
327,N
328,I
329,Q
330,J
331,Y
332,N
333,Z
334,I
335,T
336,U
337,V
338,f
339,n
340,I
341,M
342,c
343,V
344,\
345,k
346,C
347,X
348,d
349,X
350,U
351,i
352,F
353,R
354,b
355,Y
356,X
357,\
358,Q
359,V
360,S
361,F
362,V
363,G
364,\
365,W
366,b
367,Y
368,R
369,a
370,V
371,V
372,\
373,W
374,f
375,i
376,E
377,N
378,h
379,D
380,^
381,T
382,^
383,P
384,T
385,K
386,f
387,L
388,j
389,I
390,]
391,N
392,K
393,a
394,\
395,W
396,\
397,`
398,Y
399,f
400,J
401,V
402,[
403,^
404,^
405,R
406,e
407,M
408,G
409,S
410,_
411,C
412,X
413,H
414,i
415,Y
416,f
417,S
418,c
419,I
420,Z
421,I
422,L
423,M
424,p
425,^
426,H
427,G
428,]
429,[
430,U
431,d
432,_
433,h
434,S
435,M
436,d
437,a
438,g
439,R
440,R
441,T
442,V
443,Q
444,[
445,L
446,V
447,V
448,H
449,_
450,c
451,b
452,Y
453,_
454,Q
455,f
456,J
457,C
458,K
459,S
460,E
461,G
462,L
463,\
464,V
465,b
466,W
467,M
468,X
469,J
470,U
471,Q
472,I
473,k
474,d
475,S
476,`
477,Y
478,T
479,g
480,Q
481,S
482,X
483,G
484,I
485,M
486,R
487,J
488,Y
489,T
490,V
491,R
492,g
493,Z
494,D
495,R
496,T
497,J
498,I
499,V
500,Y
501,A
502,m
503,S
504,f
505,S
506,b
507,j
508,[
509,\
510,P
511,_
512,T
513,[
514,o
515,[
516,N
517,^
518,K
519,Z
520,K
521,X
522,X
523,_
524,Q
525,P
526,e
527,a
528,d
529,W
530,_
531,X
532,B
533,^
534,K
535,[
536,O
537,X
538,U
539,S
540,h
541,R
542,[
543,L
544,L
545,K
546,X
547,]
548,W
549,D
550,A
551,O
552,M
553,T
554,P
555,h
556,T
557,i
558,c
559,P
560,P
561,\
562,Y
563,M
564,Z
565,N
566,W
567,H
568,G
569,W
570,V
571,M
572,X
573,V
574,G
575,Z
576,L
577,f
578,V
579,Z
580,\
581,h
582,D
583,Z
584,X
585,X
586,C
587,\
588,j
589,I
590,X
591,M
592,[
593,g
594,Y
595,_
596,j
597,E
598,Q
599,e
600,X
601,B
602,H
603,R
604,Z
605,T
606,d
607,g
608,M
609,R
610,T
611,S
612,N
613,[
614,c
615,^
616,C
617,g
618,_
619,B
620,Q
621,d
622,E
623,Q
624,U
625,Y
626,S
627,]
628,P
629,X
630,L
631,]
632,n
633,T
634,Z
635,d
636,U
637,l
638,S
639,[
640,i
641,\
642,d
643,T
644,[
645,d
646,T
647,F
648,U
649,[
650,^
651,i
652,b
653,P
654,i
655,_
656,H
657,`
658,U
659,R
660,B
661,g
662,b
663,P
664,d
665,O
666,W
667,M
668,R
669,`
670,P
671,i
672,g
673,_
674,J
675,Y
676,U
677,S
678,L
679,_
680,I
681,E
682,U
683,E
684,M
685,U
686,\
687,e
688,\
689,Z
690,S
691,O
692,X
693,j
694,b
695,d
696,R
697,M
698,X
699,O
700,O
701,Y
702,N
703,P
704,Y
705,W
706,R
707,[
708,g
709,S
710,I
711,C
712,c
713,D
714,W
715,O
716,T
717,V
718,^
719,Y
720,V
721,L
722,_
723,[
724,H
725,i
726,^
727,i
728,U
729,a
730,V
731,Y
732,X
733,\
734,S
735,H
736,[
737,S
738,J
739,^
740,h
741,\
742,h
743,`
744,B
745,h
746,S
747,Z
748,\
749,j
750,O
751,\
752,a
753,L
754,F
755,U
756,C
757,V
758,T
759,i
760,N
761,N
762,Z
763,X
764,F
765,Q
766,L
767,_
768,W
769,P
770,e
771,[
772,`
773,W
774,R
775,b
776,g
777,G
778,]
779,Y
780,V
781,L
782,R
783,D
784,_
785,Y
786,W
787,Y
788,F
789,h
790,X
791,L
792,R
793,Y
794,S
795,Y
796,Y
797,e
798,g
799,E
800,P
801,[
802,F
803,U
804,X
805,O
806,G
807,^
808,f
809,C
810,d
811,F
812,O
813,S
814,Y
815,f
816,G
817,[
818,_
819,Y
820,g
821,R
822,[
823,Y
824,W
825,A
826,E
827,V
828,a
829,`
830,\
831,K
832,W
833,P
834,O
835,Q
836,[
837,N
838,G
839,Y
840,J
841,^
842,\
843,V
844,N
845,H
846,h
847,P
848,C
849,_
850,A
851,I
852,B
853,b
854,T
855,n
856,^
857,N
858,[
859,Y
860,[
861,b
862,G
863,^
864,h
865,_
866,S
867,I
868,V
869,M
870,N
871,S
872,K
873,_
874,m
875,P
876,K
877,U
878,H
879,G
880,Q
881,I
882,Y
883,Y
884,J
885,W
886,S
887,R
888,I
889,i
890,U
891,^
892,T
893,I
894,W
895,S
896,^
897,I
898,h
899,L
900,_
901,q
902,T
903,Q
904,m
905,k
906,h
907,H
908,U
909,e
910,Y
911,h
912,R
913,j
914,W
915,g
916,K
917,M
918,e
919,K
920,P
921,I
922,j
923,U
924,W
925,Q
926,\
927,I
928,T
929,^
930,h
931,f
932,i
933,K
934,Y
935,N
936,S
937,K
938,Z
939,S
940,N
941,I
942,i
943,d
944,S
945,i
946,R
947,U
948,P
949,U
950,V
951,X
952,O
953,m
954,]
955,E
956,S
957,W
958,R
959,Q
960,g
961,E
962,I
963,c
964,X
965,F
966,R
967,Q
968,[
969,G
970,Z
971,I
972,R
973,T
974,R
975,c
976,f
977,N
978,f
979,G
980,Y
981,L
982,X
983,A
984,Z
985,X
986,F
987,C
988,S
989,[
990,W
991,M
992,R
993,j
994,D
995,j
996,W
997,d
998,M
999,O
1000,I
1001,M
1002,E
1003,S
1004,a
1005,e
1006,]
1007,T
1008,W
1009,Y
1010,Y
1011,U
1012,G
1013,a
1014,D
1015,m
1016,[
1017,^
1018,Z
1019,b
1020,`
1021,W
1022,f
1023,D
1024,I
1025,^
1026,b
1027,L
1028,U
1029,T
1030,c
1031,a
1032,c
1033,Z
1034,j
1035,X
1036,Y
1037,f
1038,P
1039,_
1040,R
1041,l
1042,Y
1043,M
1044,N
1045,R
1046,X
1047,W
1048,O
1049,R
1050,Q
1051,N
1052,U
1053,X
1054,T
1055,_
1056,F
1057,X
1058,G
1059,N
1060,U
1061,Y
1062,U
1063,T
1064,_
1065,J
1066,U
1067,B
1068,F
1069,E
1070,b
1071,[
1072,G
1073,M
1074,W
1075,Z
1076,^
1077,W
1078,M
1079,Y
1080,c
1081,Z
1082,g
1083,Z
1084,f
1085,P
1086,\
1087,`
1088,X
1089,N
1090,]
1091,[
1092,b
1093,W
1094,_
1095,\
1096,k
1097,Y
1098,^
1099,Z
1100,P
1101,G
1102,S
1103,a
1104,L
1105,f
1106,N
1107,b
1108,G
1109,N
1110,W
1111,S
1112,J
1113,Y
1114,B
1115,W
1116,O
1117,i
1118,Y
1119,Y
1120,c
1121,I
1122,m
1123,G
1124,D
1125,a
1126,c
1127,H
1128,c
1129,C
1130,U
1131,F
1132,]
1133,M
1134,Y
1135,V
1136,O
1137,_
1138,R
1139,M
1140,p
1141,\
1142,P
1143,X
1144,_
1145,C
1146,F
1147,Y
1148,c
1149,Y
1150,G
1151,Q
1152,]
1153,V
1154,f
1155,V
1156,h
1157,Z
1158,j
1159,T
1160,R
1161,V
1162,]
1163,Q
1164,W
1165,X
1166,\
1167,f
1168,M
1169,a
1170,X
1171,T
1172,f
1173,W
1174,V
1175,M
1176,[
1177,S
1178,i
1179,J
1180,W
1181,Z
1182,I
1183,Z
1184,G
1185,T
1186,^
1187,O
1188,]
1189,h
1190,M
1191,R
1192,H
1193,S
1194,]
1195,l
1196,[
1197,R
1198,J
1199,C
1200,T
1201,W
1202,d
1203,L
1204,H
1205,Z
1206,S
1207,a
1208,T
1209,L
1210,\
1211,Y
1212,W
1213,H
1214,Q
1215,S
1216,D
1217,H
1218,F
1219,L
1220,X
1221,E
1222,L
1223,i
1224,^
1225,g
1226,K
1227,]
1228,L
1229,S
1230,\
1231,[
1232,^
1233,]
1234,R
1235,I
1236,]
1237,Z
1238,a
1239,^
1240,d
1241,\
1242,Y
1243,L
1244,S
1245,H
1246,U
1247,Q
1248,k
1249,n
1250,_
1251,L
1252,T
1253,Z
1254,c
1255,Y
1256,a
1257,i
1258,Y
1259,Q
1260,V
1261,M
1262,e
1263,S
1264,L
1265,Q
1266,h
1267,H
1268,g
1269,R
1270,O
1271,f
1272,D
1273,H
1274,k
1275,R
1276,\
1277,V
1278,S
1279,Q
1280,L
1281,X
1282,I
1283,]
1284,G
1285,o
1286,D
1287,e
1288,l
1289,f
1290,k
1291,K
1292,V
1293,X
1294,D
1295,Q
1296,e
1297,F
1298,M
1299,`
1300,V
1301,i
1302,P
1303,T
1304,d
1305,^
1306,]
1307,X
1308,W
1309,N
1310,P
1311,X
1312,e
1313,^
1314,Z
1315,]
1316,R
1317,V
1318,R
1319,Y
1320,N
1321,^
1322,P
1323,W
1324,_
1325,I
1326,]
1327,e
1328,R
1329,N
1330,Y
1331,T
1332,X
1333,R
1334,R
1335,Q
1336,R
1337,K
1338,[
1339,_
1340,Q
1341,\
1342,S
1343,T
1344,G
1345,L
1346,Q
1347,X
1348,o
1349,R
1350,Y
1351,I
1352,[
1353,\
1354,N
1355,[
1356,V
1357,d
1358,[
1359,^
1360,V
1361,g
1362,j
1363,\
1364,E
1365,U
1366,X
1367,`
1368,U
1369,K
1370,\
1371,e
1372,e
1373,R
1374,Q
1375,[
1376,X
1377,Z
1378,X
1379,b
1380,Q
1381,K
1382,X
1383,V
1384,V
1385,E
1386,U
1387,Y
1388,j
1389,Y
1390,h
1391,P
1392,f
1393,e
1394,M
1395,q
1396,^
1397,Y
1398,i
1399,b
1400,T
1401,B
1402,a
1403,I
1404,c
1405,F
1406,a
1407,P
1408,e
1409,N
1410,e
1411,`
1412,J
1413,[
1414,R
1415,Y
1416,B
1417,Y
1418,o
1419,`
1420,Y
1421,O
1422,`
1423,d
1424,[
1425,]
1426,[
1427,U
1428,L
1429,W
1430,c
1431,P
1432,O
1433,Q
1434,I
1435,J
1436,p
1437,X
1438,]
1439,W
1440,E
1441,]
1442,E
1443,M
1444,I
1445,P
1446,^
1447,_
1448,S
1449,]
1450,V
1451,A
1452,T
1453,d
1454,F
1455,j
1456,d
1457,h
1458,P
1459,O
1460,L
1461,O
1462,c
1463,b
1464,W
1465,b
1466,D
1467,S
1468,b
1469,Y
1470,Z
1471,O
1472,R
1473,J
1474,e
1475,T
1476,H
1477,H
1478,_
1479,W
1480,^
1481,Z
1482,J
1483,M
1484,M
1485,I
1486,B
1487,h
1488,D
1489,g
1490,C
1491,Z
1492,L
1493,F
1494,W
1495,Z
1496,W
1497,D
1498,E
1499,O
1500,G
1501,I
1502,Q
1503,b
1504,H
1505,H
1506,[
1507,_
1508,N
1509,Z
1510,D
1511,N
1512,E
1513,K
1514,R
1515,K
1516,I
1517,P
1518,T
1519,Y
1520,R
1521,k
1522,F
1523,`
1524,h
1525,d
1526,R
1527,d
1528,R
1529,e
1530,O
1531,Q
1532,R
1533,Z
1534,T
1535,g
1536,q
1537,X
1538,]
1539,Q
1540,S
1541,g
1542,[
1543,k
1544,R
1545,P
1546,X
1547,U
1548,Y
1549,W
1550,O
1551,K
1552,U
1553,h
1554,J
1555,e
1556,B
1557,Y
1558,S
1559,[
1560,Z
1561,P
1562,U
1563,N
1564,e
1565,G
1566,J
1567,S
1568,D
1569,H
1570,c
1571,U
1572,J
1573,D
1574,L
1575,^
1576,n
1577,D
1578,W
1579,]
1580,Z
1581,G
1582,R
1583,a
1584,C
1585,`
1586,Z
1587,k
1588,X
1589,U
1590,L
1591,b
1592,W
1593,S
1594,g
1595,b
1596,L
1597,b
1598,m
1599,X
1600,Y
1601,Q
1602,f
1603,c
1604,f
1605,W
1606,_
1607,Q
1608,[
1609,R
1610,L
1611,J
1612,_
1613,V
1614,H
1615,\
1616,R
1617,e
1618,D
1619,I
1620,U
1621,W
1622,P
1623,T
1624,]
1625,b
1626,M
1627,d
1628,d
1629,`
1630,J
1631,f
1632,Q
1633,J
1634,]
1635,Z
1636,]
1637,`
1638,W
1639,f
1640,W
1641,W
1642,X
1643,Z
1644,S
1645,E
1646,X
1647,I
1648,U
1649,W
1650,Y
1651,b
1652,L
1653,c
1654,S
1655,d
1656,F
1657,b
1658,h
1659,[
1660,Y
1661,Y
1662,N
1663,L
1664,U
1665,Y
1666,Q
1667,G
1668,S
1669,T
1670,b
1671,J
1672,]
1673,S
1674,L
1675,R
1676,i
1677,X
1678,F
1679,G
1680,L
1681,f
1682,B
1683,a
1684,X
1685,^
1686,H
1687,Y
1688,M
1689,J
1690,W
1691,V
1692,G
1693,O
1694,R
1695,P
1696,N
1697,H
1698,I
1699,K
1700,C
1701,U
1702,]
1703,O
1704,H
1705,Q
1706,Q
1707,T
1708,M
1709,j
1710,V
1711,a
1712,U
1713,Z
1714,h
1715,Z
1716,\
1717,X
1718,N
1719,Q
1720,S
1721,c
1722,P
1723,b
1724,b
1725,\
1726,R
1727,\
1728,S
1729,h
1730,\
1731,R
1732,G
1733,V
1734,H
1735,W
1736,g
1737,V
1738,V
1739,H
1740,a
1741,]
1742,`
1743,Z
1744,W
1745,S
1746,E
1747,_
1748,V
1749,G
1750,b
1751,\
1752,]
1753,W
1754,N
1755,]
1756,m
1757,M
1758,]
1759,h
1760,^
1761,X
1762,Y
1763,d
1764,[
1765,M
1766,T
1767,Q
1768,g
1769,N
1770,\
1771,_
1772,f
1773,Y
1774,K
1775,[
1776,X
1777,T
1778,T
1779,g
1780,U
1781,`
1782,`
1783,S
1784,E
1785,a
1786,C
1787,G
1788,`
1789,f
1790,Y
1791,D
1792,H
1793,i
1794,`
1795,Z
1796,O
1797,n
1798,a
1799,^
1800,f
1801,M
1802,Z
1803,R
1804,J
1805,_
1806,G
1807,c
1808,Y
1809,U
1810,`
1811,b
1812,T
1813,Y
1814,c
1815,e
1816,h
1817,n
1818,V
1819,G
1820,M
1821,R
1822,Z
1823,[
1824,X
1825,^
1826,T
1827,`
1828,R
1829,[
1830,n
1831,C
1832,S
1833,h
1834,R
1835,^
1836,J
1837,H
1838,\
1839,U
1840,j
1841,N
1842,H
1843,W
1844,N
1845,S
1846,Q
1847,J
1848,R
1849,b
1850,V
1851,S
1852,K
1853,L
1854,H
1855,V
1856,X
1857,W
1858,E
1859,\
1860,S
1861,Q
1862,H
1863,I
1864,g
1865,O
1866,_
1867,J
1868,Q
1869,]
1870,M
1871,J
1872,U
1873,W
1874,U
1875,H
1876,m
1877,Q
1878,T
1879,R
1880,_
1881,M
1882,l
1883,P
1884,F
1885,W
1886,k
1887,I
1888,X
1889,P
1890,U
1891,W
1892,S
1893,R
1894,f
1895,M
1896,L
1897,O
1898,X
1899,X
1900,H
1901,Q
1902,a
1903,L
1904,J
1905,k
1906,F
1907,g
1908,`
1909,S
1910,P
1911,Q
1912,e
1913,H
1914,b
1915,d
1916,[
1917,K
1918,]
1919,V
1920,F
1921,I
1922,K
1923,V
1924,_
1925,h
1926,S
1927,^
1928,Q
1929,q
1930,V
1931,X
1932,c
1933,f
1934,X
1935,K
1936,V
1937,O
1938,G
1939,O
1940,c
1941,T
1942,A
1943,\
1944,K
1945,\
1946,Y
1947,e
1948,R
1949,W
1950,T
1951,]
1952,S
1953,`
1954,^
1955,_
1956,E
1957,f
1958,[
1959,Z
1960,E
1961,F
1962,Y
1963,H
1964,O
1965,Z
1966,a
1967,N
1968,M
1969,n
1970,Z
1971,^
1972,_
1973,T
1974,g
1975,e
1976,c
1977,b
1978,P
1979,\
1980,`
1981,^
1982,W
1983,_
1984,a
1985,S
1986,J
1987,V
1988,[
1989,R
1990,W
1991,U
1992,\
1993,^
1994,k
1995,c
1996,Y
1997,O
1998,J
1999,Y
2000,D
2001,K
2002,Z
2003,O
2004,a
2005,X
2006,N
2007,U
2008,V
2009,d
2010,A
2011,X
2012,J
2013,Q
2014,a
2015,T
2016,Y
2017,b
2018,M
2019,^
2020,W
2021,Q
2022,B
2023,M
2024,T
2025,I
2026,S
2027,K
2028,A
2029,U
2030,X
2031,W
2032,Z
2033,G
2034,V
2035,H
2036,f
2037,O
2038,V
2039,M
2040,S
2041,g
2042,V
2043,d
2044,M
2045,^
2046,d
2047,T
2048,Y
2049,C
2050,f
2051,X
2052,V
2053,b
2054,J
2055,Z
2056,W
2057,T
2058,M
2059,c
2060,P
2061,P
2062,[
2063,]
2064,W
2065,\
2066,b
2067,W
2068,T
2069,\
2070,\
2071,]
2072,P
2073,U
2074,N
2075,`
2076,P
2077,P
2078,R
2079,h
2080,V
2081,R
2082,U
2083,I
2084,`
2085,K
2086,c
2087,M
2088,i
2089,P
2090,^
2091,a
2092,N
2093,L
2094,f
2095,b
2096,B
2097,R
2098,N
2099,D
2100,C
2101,P
2102,W
2103,X
2104,X
2105,Q
2106,]
2107,M
2108,Y
2109,b
2110,O
2111,I
2112,S
2113,j
2114,b
2115,R
2116,L
2117,G
2118,D
2119,q
2120,^
2121,B
2122,V
2123,\
2124,f
2125,V
2126,W
2127,l
2128,j
2129,U
2130,_
2131,]
2132,o
2133,O
2134,D
2135,F
2136,b
2137,U
2138,T
2139,g
2140,Y
2141,K
2142,]
2143,I
2144,N
2145,a
2146,W
2147,h
2148,K
2149,V
2150,U
2151,J
2152,Y
2153,\
2154,b
2155,W
2156,P
2157,\
2158,X
2159,W
2160,K
2161,P
2162,T
2163,R
2164,W
2165,e
2166,R
2167,d
2168,[
2169,f
2170,W
2171,V
2172,k
2173,]
2174,^
2175,O
2176,T
2177,S
2178,^
2179,f
2180,a
2181,Y
2182,H
2183,M
2184,n
2185,R
2186,`
2187,k
2188,X
2189,J
2190,W
2191,\
2192,e
2193,c
2194,H
2195,]
2196,U
2197,^
2198,T
2199,H
2200,Z
2201,L
2202,Z
2203,Q
2204,P
2205,H
2206,H
2207,V
2208,\
2209,k
2210,b
2211,P
2212,T
2213,M
2214,G
2215,X
2216,h
2217,P
2218,W
2219,T
2220,T
2221,a
2222,P
2223,R
2224,N
2225,j
2226,H
2227,J
2228,W
2229,O
2230,R
2231,X
2232,U
2233,O
2234,S
2235,]
2236,J
2237,j
2238,Y
2239,V
2240,\
2241,R
2242,[
2243,V
2244,Y
2245,I
2246,^
2247,Z
2248,V
2249,b
2250,L
2251,D
2252,_
2253,[
2254,o
2255,V
2256,G
2257,P
2258,[
2259,[
2260,U
2261,V
2262,O
2263,O
2264,E
2265,c
2266,\
2267,C
2268,Q
2269,Y
2270,b
2271,V
2272,Z
2273,f
2274,R
2275,M
2276,X
2277,T
2278,K
2279,X
2280,U
2281,V
2282,P
2283,b
2284,X
2285,T
2286,g
2287,J
2288,]
2289,N
2290,F
2291,H
2292,Y
2293,[
2294,c
2295,T
2296,b
2297,]
2298,b
2299,G
2300,h
2301,c
2302,g
2303,\
2304,K
2305,W
2306,a
2307,a
2308,D
2309,i
2310,^
2311,d
2312,]
2313,a
2314,`
2315,L
2316,M
2317,l
2318,Z
2319,c
2320,R
2321,Y
2322,[
2323,m
2324,Q
2325,b
2326,[
2327,I
2328,b
2329,d
2330,W
2331,Q
2332,P
2333,G
2334,]
2335,c
2336,b
2337,o
2338,B
2339,W
2340,V
2341,b
2342,D
2343,`
2344,]
2345,[
2346,F
2347,R
2348,I
2349,Z
2350,]
2351,W
2352,Y
2353,D
2354,Y
2355,W
2356,X
2357,d
2358,k
2359,b
2360,a
2361,K
2362,T
2363,\
2364,Q
2365,Z
2366,K
2367,W
2368,W
2369,Q
2370,J
2371,X
2372,j
2373,C
2374,i
2375,e
2376,Y
2377,\
2378,b
2379,i
2380,Q
2381,a
2382,I
2383,T
2384,F
2385,Y
2386,N
2387,V
2388,G
2389,_
2390,T
2391,f
2392,P
2393,E
2394,U
2395,[
2396,N
2397,X
2398,f
2399,Q
2400,L
2401,L
2402,P
2403,k
2404,]
2405,i
2406,X
2407,^
2408,U
2409,O
2410,S
2411,j
2412,P
2413,g
2414,P
2415,G
2416,S
2417,e
2418,]
2419,e
2420,U
2421,O
2422,V
2423,X
2424,`
2425,T
2426,^
2427,[
2428,b
2429,Y
2430,I
2431,W
2432,\
2433,^
2434,I
2435,W
2436,Z
2437,D
2438,d
2439,G
2440,n
2441,Q
2442,N
2443,Y
2444,_
2445,U
2446,G
2447,i
2448,_
2449,V
2450,U
2451,F
2452,W
2453,J
2454,[
2455,M
2456,^
2457,_
2458,G
2459,T
2460,T
2461,a
2462,]
2463,Y
2464,c
2465,Z
2466,K
2467,S
2468,K
2469,G
2470,J
2471,]
2472,U
2473,L
2474,T
2475,i
2476,\
2477,[
2478,Q
2479,d
2480,Z
2481,g
2482,j
2483,T
2484,T
2485,g
2486,Z
2487,i
2488,K
2489,Q
2490,J
2491,W
2492,U
2493,V
2494,c
2495,Y
2496,M
2497,_
2498,F
2499,]
2500,P
2501,d
2502,D
2503,E
2504,R
2505,L
2506,U
2507,X
2508,l
2509,i
2510,f
2511,g
2512,j
2513,G
2514,e
2515,a
2516,F
2517,_
2518,N
2519,I
2520,T
2521,F
2522,X
2523,d
2524,\
2525,M
2526,R
2527,[
2528,\
2529,X
2530,e
2531,O
2532,E
2533,j
2534,S
2535,^
2536,R
2537,T
2538,S
2539,d
2540,]
2541,Z
2542,d
2543,b
2544,[
2545,S
2546,[
2547,S
2548,^
2549,k
2550,Z
2551,K
2552,O
2553,f
2554,f
2555,f
2556,L
2557,F
2558,[
2559,O
2560,S
2561,n
2562,b
2563,T
2564,a
2565,X
2566,^
2567,g
2568,W
2569,n
2570,X
2571,S
2572,\
2573,M
2574,X
2575,A
2576,T
2577,^
2578,K
2579,Y
2580,Q
2581,Z
2582,]
2583,c
2584,a
2585,\
2586,O
2587,j
2588,K
2589,B
2590,V
2591,]
2592,S
2593,U
2594,W
2595,H
2596,_
2597,`
2598,b
2599,j
2600,_
2601,V
2602,[
2603,E
2604,K
2605,[
2606,P
2607,[
2608,^
2609,W
2610,[
2611,J
2612,f
2613,S
2614,]
2615,Y
2616,R
2617,T
2618,I
2619,W
2620,D
2621,O
2622,W
2623,Z
2624,k
2625,a
2626,Y
2627,b
2628,I
2629,T
2630,I
2631,V
2632,I
2633,X
2634,`
2635,g
2636,L
2637,f
2638,V
2639,\
2640,D
2641,P
2642,M
2643,b
2644,R
2645,`
2646,b
2647,Z
2648,H
2649,X
2650,_
2651,H
2652,T
2653,V
2654,a
2655,d
2656,M
2657,H
2658,F
2659,Y
2660,Y
2661,`
2662,e
2663,h
2664,P
2665,`
2666,Z
2667,K
2668,e
2669,W
2670,W
2671,j
2672,X
2673,_
2674,W
2675,g
2676,O
2677,V
2678,P
2679,U
2680,R
2681,g
2682,Z
2683,S
2684,V
2685,^
2686,f
2687,W
2688,M
2689,U
2690,b
2691,Z
2692,H
2693,S
2694,R
2695,N
2696,V
2697,Y
2698,g
2699,F
2700,f
2701,Y
2702,c
2703,X
2704,M
2705,Z
2706,W
2707,Y
2708,M
2709,M
2710,Y
2711,B
2712,]
2713,c
2714,A
2715,\
2716,\
2717,F
2718,_
2719,T
2720,i
2721,[
2722,g
2723,\
2724,L
2725,\
2726,V
2727,H
2728,f
2729,l
2730,Z
2731,`
2732,E
2733,\
2734,O
2735,F
2736,\
2737,W
2738,`
2739,I
2740,L
2741,`
2742,Z
2743,P
2744,K
2745,Q
2746,c
2747,`
2748,W
2749,`
2750,O
2751,T
2752,V
2753,O
2754,W
2755,X
2756,o
2757,Y
2758,U
2759,Q
2760,^
2761,^
2762,T
2763,[
2764,Y
2765,f
2766,g
2767,^
2768,V
2769,M
2770,K
2771,[
2772,l
2773,W
2774,I
2775,R
2776,c
2777,V
2778,`
2779,Z
2780,W
2781,j
2782,H
2783,O
2784,N
2785,f
2786,R
2787,[
2788,a
2789,G
2790,H
2791,N
2792,`
2793,T
2794,L
2795,S
2796,f
2797,W
2798,]
2799,N
2800,[
2801,K
2802,U
2803,Q
2804,N
2805,U
2806,g
2807,Y
2808,U
2809,f
2810,_
2811,X
2812,]
2813,Y
2814,P
2815,a
2816,[
2817,\
2818,N
2819,\
2820,V
2821,l
2822,I
2823,X
2824,Y
2825,]
2826,]
2827,X
2828,U
2829,D
2830,W
2831,^
2832,_
2833,S
2834,X
2835,V
2836,k
2837,J
2838,_
2839,[
2840,T
2841,Z
2842,L
2843,U
2844,\
2845,V
2846,Z
2847,X
2848,U
2849,Y
2850,[
2851,E
2852,n
2853,P
2854,_
2855,G
2856,I
2857,M
2858,J
2859,b
2860,O
2861,\
2862,e
2863,Y
2864,^
2865,S
2866,N
2867,G
2868,Z
2869,[
2870,k
2871,I
2872,S
2873,`
2874,L
2875,O
2876,M
2877,e
2878,T
2879,Y
2880,N
2881,c
2882,a
2883,j
2884,S
2885,]
2886,P
2887,S
2888,[
2889,e
2890,F
2891,^
2892,d
2893,V
2894,G
2895,T
2896,`
2897,V
2898,c
2899,X
2900,J
2901,T
2902,]
2903,T
2904,V
2905,\
2906,K
2907,T
2908,C
2909,^
2910,]
2911,O
2912,X
2913,H
2914,X
2915,j
2916,_
2917,`
2918,h
2919,O
2920,W
2921,U
2922,X
2923,b
2924,Z
2925,a
2926,W
2927,P
2928,U
2929,Z
2930,M
2931,I
2932,T
2933,c
2934,i
2935,\
2936,I
2937,\
2938,e
2939,]
2940,W
2941,T
2942,`
2943,I
2944,P
2945,U
2946,f
2947,O
2948,V
2949,b
2950,n
2951,`
2952,a
2953,\
2954,e
2955,b
2956,P
2957,U
2958,C
2959,b
2960,]
2961,J
2962,I
2963,S
2964,T
2965,Y
2966,W
2967,j
2968,O
2969,T
2970,N
2971,k
2972,L
2973,M
2974,A
2975,`
2976,J
2977,[
2978,X
2979,`
2980,R
2981,o
2982,[
2983,\
2984,V
2985,a
2986,Y
2987,f
2988,_
2989,M
2990,S
2991,g
2992,R
2993,e
2994,g
2995,m
2996,^
2997,k
2998,S
2999,b
